-- phpMyAdmin SQL Dump
-- version 4.9.5
-- https://www.phpmyadmin.net/
--
-- Host: localhost:3308
-- Generation Time: Aug 12, 2021 at 07:07 PM
-- Server version: 5.7.24
-- PHP Version: 7.4.1

SET SQL_MODE = "NO_AUTO_VALUE_ON_ZERO";
SET AUTOCOMMIT = 0;
START TRANSACTION;
SET time_zone = "+00:00";


/*!40101 SET @OLD_CHARACTER_SET_CLIENT=@@CHARACTER_SET_CLIENT */;
/*!40101 SET @OLD_CHARACTER_SET_RESULTS=@@CHARACTER_SET_RESULTS */;
/*!40101 SET @OLD_COLLATION_CONNECTION=@@COLLATION_CONNECTION */;
/*!40101 SET NAMES utf8mb4 */;

--
-- Database: `college`
--

-- --------------------------------------------------------

--
-- Table structure for table `classes`
--

CREATE TABLE `classes` (
  `id` int(11) NOT NULL,
  `niveau` varchar(50) NOT NULL,
  `nom` varchar(50) NOT NULL,
  `id_Professeur` int(11) NOT NULL
) ENGINE=InnoDB DEFAULT CHARSET=utf8;

--
-- Dumping data for table `classes`
--

INSERT INTO `classes` (`id`, `niveau`, `nom`, `id_Professeur`) VALUES
(1, '6eme', '6a', 1),
(2, '6eme', '6b', 2),
(3, '6eme', '6c', 29),
(4, '6eme', '6d', 15),
(5, '5eme', '5a', 22),
(6, '5eme', '5b', 17),
(7, '5eme', '5c', 33),
(8, '5eme', '5d', 27),
(9, '4eme', '4a', 11),
(10, '4eme', '4b', 18),
(11, '4eme', '4c', 25),
(12, '4eme', '4d', 20),
(13, '3eme', '3a', 30),
(14, '3eme', '3b', 16),
(15, '3eme', '3c', 31),
(16, '3eme', '3d', 34);

-- --------------------------------------------------------

--
-- Table structure for table `cours`
--

CREATE TABLE `cours` (
  `id` int(11) NOT NULL,
  `niveau` varchar(50) NOT NULL,
  `nom` varchar(255) NOT NULL,
  `id_Matiere` int(11) NOT NULL
) ENGINE=InnoDB DEFAULT CHARSET=utf8;

--
-- Dumping data for table `cours`
--

INSERT INTO `cours` (`id`, `niveau`, `nom`, `id_Matiere`) VALUES
(1, '6', 'Arcu Eu Odio Associates', 4),
(2, '3', 'Posuere Cubilia Curae; Company', 4),
(3, '4', 'Integer Vitae Foundation', 4),
(4, '6', 'Ridiculus LLP', 4),
(5, '6', 'Mollis PC', 6),
(6, '5', 'Lobortis LLP', 7),
(7, '4', 'Molestie Sodales Mauris Institute', 6),
(8, '5', 'Enim Sit Amet Company', 3),
(9, '3', 'Quis LLP', 5),
(10, '3', 'Amet Lorem Semper LLP', 8),
(11, '4', 'Nec PC', 8),
(12, '4', 'Ut Corp.', 1),
(13, '3', 'Sociis Natoque Limited', 9),
(14, '6', 'Mollis Duis Corporation', 4),
(15, '5', 'Sit Amet LLC', 5),
(16, '4', 'Quis Massa Corp.', 8),
(17, '3', 'Donec Egestas Aliquam Corp.', 2),
(18, '3', 'Fringilla Ornare Limited', 6),
(19, '6', 'Magna Et Ipsum Consulting', 2),
(20, '5', 'Pharetra Felis Institute', 2),
(21, '3', 'Nunc Corp.', 2),
(22, '4', 'Proin Incorporated', 6),
(23, '3', 'Nunc In At Incorporated', 1),
(24, '6', 'Orci Donec Nibh Industries', 1),
(25, '3', 'Tellus Associates', 4),
(26, '4', 'Adipiscing Mauris Company', 6),
(27, '4', 'Nostra Per Inceptos Corp.', 6),
(28, '3', 'Amet Nulla Donec Limited', 8),
(29, '3', 'Nulla Ante Iaculis Consulting', 2),
(30, '5', 'Sem Egestas Blandit Foundation', 4),
(31, '5', 'Sed Sapien Nunc LLC', 9),
(32, '5', 'Sed Diam Incorporated', 1),
(33, '4', 'Donec Egestas Incorporated', 2),
(34, '5', 'Sed Congue Consulting', 2),
(35, '4', 'Turpis Egestas Fusce Ltd', 2),
(36, '5', 'Proin Eget Incorporated', 2),
(37, '3', 'Proin Velit Sed LLC', 2),
(38, '5', 'Amet Inc.', 7),
(39, '3', 'Nec Corporation', 9),
(40, '4', 'In Consulting', 9),
(41, '5', 'Augue Eu Institute', 2),
(42, '4', 'Faucibus PC', 6),
(43, '6', 'Turpis Non Enim Corporation', 4),
(44, '4', 'Et Euismod Et Industries', 7),
(45, '4', 'Donec PC', 9),
(46, '6', 'Cursus Nunc Mauris PC', 7),
(47, '4', 'Proin Limited', 2),
(48, '3', 'Fusce Dolor Quam Institute', 6),
(49, '6', 'Libero Associates', 3),
(50, '3', 'Cubilia Corp.', 4),
(51, '3', 'Tellus Sem Mollis LLP', 3),
(52, '5', 'Accumsan LLP', 3),
(53, '5', 'Eleifend Egestas Sed LLC', 1),
(54, '4', 'Nec Ligula Consectetuer Institute', 2),
(55, '4', 'Maecenas LLC', 6),
(56, '4', 'Et Corp.', 6),
(57, '6', 'Duis Dignissim Institute', 3),
(58, '5', 'Blandit Enim Inc.', 1),
(59, '5', 'Ut Quam Vel LLP', 5),
(60, '4', 'Gravida Foundation', 7),
(61, '3', 'Rutrum Lorem Ac Consulting', 3),
(62, '3', 'Et Magnis Associates', 1),
(63, '5', 'Nec Enim LLC', 8),
(64, '5', 'Enim Consulting', 5),
(65, '4', 'Purus Consulting', 6),
(66, '5', 'Eget Institute', 3),
(67, '4', 'In Corp.', 2),
(68, '4', 'Duis Foundation', 4),
(69, '5', 'Quam Vel Sapien Consulting', 8),
(70, '4', 'Lacinia At LLP', 2),
(71, '6', 'Senectus Et LLP', 9),
(72, '6', 'Phasellus Nulla LLC', 8),
(73, '3', 'A Aliquet Vel LLP', 4),
(74, '3', 'Ante Institute', 2),
(75, '4', 'Augue Limited', 4),
(76, '4', 'Lectus Consulting', 8),
(77, '5', 'Adipiscing Lobortis Risus LLC', 6),
(78, '3', 'Maecenas LLC', 7),
(79, '4', 'Accumsan Corp.', 7),
(80, '4', 'Ultrices Limited', 7),
(81, '3', 'Ullamcorper Eu PC', 3),
(82, '3', 'Dis Parturient Montes Incorporated', 9),
(83, '4', 'Nunc Sed Pede Inc.', 1),
(84, '5', 'Gravida Molestie Inc.', 6),
(85, '3', 'Bibendum Donec Felis Company', 1),
(86, '4', 'Iaculis Aliquet Corporation', 7),
(87, '6', 'Phasellus Foundation', 9),
(88, '3', 'Aliquam Iaculis Lacus Associates', 5),
(89, '4', 'Nunc Corporation', 8),
(90, '3', 'Eget Mollis Associates', 6),
(91, '3', 'Venenatis Lacus Etiam Associates', 5),
(92, '5', 'Hendrerit Consectetuer Corp.', 8),
(93, '3', 'At Foundation', 3),
(94, '5', 'Proin Vel Associates', 1),
(95, '6', 'Risus Company', 4),
(96, '6', 'Enim Sit LLP', 5),
(97, '4', 'Mollis Dui Corp.', 7),
(98, '3', 'Nulla Industries', 7),
(99, '6', 'Ornare Lectus Inc.', 2),
(100, '3', 'Facilisis PC', 6);

-- --------------------------------------------------------

--
-- Table structure for table `eleves`
--

CREATE TABLE `eleves` (
  `id` int(11) NOT NULL,
  `nom` varchar(50) NOT NULL,
  `prenom` varchar(50) NOT NULL,
  `date_naissance` date NOT NULL,
  `adresse` varchar(255) NOT NULL,
  `email` varchar(50) NOT NULL,
  `telephone` varchar(10) NOT NULL,
  `id_Parrain` int(11) DEFAULT NULL,
  `id_Classe` int(11) NOT NULL
) ENGINE=InnoDB DEFAULT CHARSET=utf8;

--
-- Dumping data for table `eleves`
--

INSERT INTO `eleves` (`id`, `nom`, `prenom`, `date_naissance`, `adresse`, `email`, `telephone`, `id_Parrain`, `id_Classe`) VALUES
(31, 'Camden', 'Allison', '2006-07-05', '4849 Sociis Rd.', 'mauris.erat.eget@nonlobortisquis.edu', '0663855501', NULL, 13),
(32, 'Francis', 'Contreras', '2006-06-14', '8154 Scelerisque Rd.', 'Aenean.egestas@utsem.net', '0624113764', NULL, 16),
(33, 'Logan', 'Wells', '2007-12-07', 'Appartement 318-2804 Dictum Avenue', 'justo.nec@sodalesnisi.com', '0693455754', NULL, 16),
(34, 'Xenos', 'Horton', '2007-04-19', 'Appartement 348-7673 Praesent Av.', 'quis.accumsan@Phasellusdolorelit.edu', '0637324864', NULL, 13),
(35, 'Blaze', 'Nicholson', '2006-08-04', 'CP 526, 7662 Maecenas Route', 'magna.Cras.convallis@aliquet.co.uk', '0616919406', NULL, 13),
(36, 'Colin', 'Oneill', '2007-06-15', '494-7514 Accumsan Ave', 'aliquet@Etiamvestibulummassa.net', '0609083711', NULL, 13),
(37, 'Ishmael', 'Justice', '2006-10-14', '406-1543 Mollis. Ave', 'felis@etmagnis.co.uk', '0698521031', NULL, 13),
(38, 'Cyrus', 'Jensen', '2007-03-30', '1814 Ante. Ave', 'molestie@posuereenim.edu', '0647119003', NULL, 13),
(39, 'Stone', 'Brennan', '2006-08-30', '490-560 Ipsum Av.', 'vel@massaQuisqueporttitor.com', '0669633257', NULL, 15),
(40, 'Howard', 'Jacobson', '2006-04-13', 'Appartement 683-2425 Proin Avenue', 'Nullam.enim.Sed@ligulaelitpretium.ca', '0604817348', NULL, 13),
(41, 'Salvador', 'Hammond', '2007-08-24', 'CP 716, 4919 Luctus Impasse', 'scelerisque.neque@estacfacilisis.org', '0617650154', NULL, 14),
(42, 'Drew', 'Green', '2007-09-30', 'CP 657, 1180 Ut Rd.', 'libero.Integer.in@Nam.com', '0632709097', NULL, 13),
(43, 'Zeph', 'Best', '2007-07-24', '6975 Pharetra. Avenue', 'ipsum@CurabiturmassaVestibulum.edu', '0615061785', NULL, 16),
(44, 'Raphael', 'Curry', '2006-03-11', 'CP 370, 3481 Senectus Rue', 'a@utnisia.edu', '0671073201', NULL, 16),
(45, 'Valentine', 'Knight', '2006-01-16', '6556 Ad Route', 'eu@at.com', '0682080390', NULL, 13),
(46, 'Tarik', 'Higgins', '2007-02-26', 'CP 746, 9664 Duis Av.', 'id@nonummyultricies.net', '0616323512', NULL, 16),
(47, 'Hector', 'Mason', '2007-02-23', '885-9887 Ipsum Route', 'hendrerit@justonecante.com', '0628340272', NULL, 15),
(48, 'Prescott', 'Doyle', '2006-08-05', 'Appartement 506-6608 Et Rd.', 'eget.nisi@eratnonummy.ca', '0673307485', NULL, 14),
(49, 'Elton', 'Baldwin', '2007-04-27', 'CP 618, 2535 Aliquet. Impasse', 'auctor.vitae@risusDonec.com', '0651279067', NULL, 14),
(50, 'Octavius', 'Maddox', '2007-11-01', '6676 Risus Ave', 'porttitor.eros.nec@dui.edu', '0686954367', NULL, 14),
(51, 'Henry', 'Delacruz', '2006-12-11', '6796 Etiam Rue', 'vel.arcu@maurissit.com', '0630430409', NULL, 16),
(52, 'Xenos', 'Mcmillan', '2007-04-20', 'CP 486, 6724 In Av.', 'non.enim@interdumliberodui.co.uk', '0694910015', NULL, 14),
(53, 'Rashad', 'Hatfield', '2007-03-02', 'Appartement 623-4203 Magna. Avenue', 'sapien@ac.net', '0601826603', NULL, 14),
(54, 'Macaulay', 'Salas', '2007-11-10', '403-6663 Et, Rd.', 'sit.amet.ante@ligulaeu.ca', '0606733622', NULL, 15),
(55, 'Scott', 'Morin', '2007-09-09', '651-8045 Facilisis Route', 'sit.amet.massa@euismod.edu', '0653967794', NULL, 14),
(56, 'Jesse', 'Gomez', '2007-02-17', 'CP 912, 1723 Arcu Rd.', 'quam.Curabitur@purusmauris.net', '0614134843', NULL, 14),
(57, 'Thor', 'Lamb', '2007-08-17', 'CP 451, 3411 Sit Chemin', 'ut@cursusinhendrerit.org', '0670560373', NULL, 16),
(58, 'Ryder', 'Boyer', '2006-09-15', '211-8286 Dolor Chemin', 'Lorem@anteblanditviverra.net', '0686713014', NULL, 13),
(59, 'Akeem', 'Gould', '2007-01-23', '3076 Cubilia Ave', 'eu.enim@temporaugue.org', '0680427610', NULL, 16),
(60, 'Lewis', 'Wilcox', '2007-04-13', 'CP 970, 7120 Amet Chemin', 'consequat.enim@vulputatenisi.edu', '0659472702', NULL, 16),
(61, 'Lane', 'Moss', '2006-08-12', 'CP 301, 4405 Arcu. Impasse', 'turpis.Nulla@Duisa.com', '0621540099', NULL, 16),
(62, 'Carlos', 'Acevedo', '2007-10-26', '9093 A, Impasse', 'ultrices.posuere.cubilia@maurisut.edu', '0600904673', NULL, 14),
(63, 'Kyle', 'Harding', '2006-08-29', '2650 Per Rd.', 'orci.consectetuer@tempusrisusDonec.co.uk', '0670219116', NULL, 16),
(64, 'Paki', 'Garza', '2007-04-06', '101-5693 Elementum Impasse', 'turpis.Nulla.aliquet@dapibusligulaAliquam.com', '0658674022', NULL, 14),
(65, 'Cade', 'Brewer', '2007-08-08', 'Appartement 698-3877 Sit Rd.', 'tincidunt.orci.quis@nullaat.org', '0660276680', NULL, 13),
(66, 'Maxwell', 'Calderon', '2007-06-29', 'Appartement 937-417 Condimentum Avenue', 'magna.Ut@egetodioAliquam.co.uk', '0693900034', NULL, 16),
(67, 'Levi', 'Wood', '2006-08-08', 'CP 644, 6059 Tempor Impasse', 'risus@enimNunc.co.uk', '0619342974', NULL, 13),
(68, 'Keith', 'Pacheco', '2007-02-22', '9595 Pede, Ave', 'enim.diam@dictumsapienAenean.org', '0697452368', NULL, 15),
(69, 'Ferris', 'Morrison', '2007-06-10', '213-1559 Morbi Chemin', 'eget.massa@nibhlacinia.co.uk', '0671267766', NULL, 14),
(70, 'Duncan', 'Noble', '2006-05-19', '288-457 Eu, Rue', 'enim.Etiam@Phasellusliberomauris.co.uk', '0651551982', NULL, 15),
(71, 'Kyle', 'Bernard', '2007-08-28', '224-7846 Ac Avenue', 'nonummy.ut.molestie@velpedeblandit.co.uk', '0629982904', NULL, 14),
(72, 'Dustin', 'Johnson', '2006-10-18', 'CP 274, 7545 Aenean Av.', 'Donec.porttitor.tellus@imperdiet.edu', '0696180755', NULL, 13),
(73, 'Ferris', 'Bennett', '2006-04-11', '4850 Aptent Rd.', 'amet@erat.com', '0693421865', NULL, 14),
(74, 'Hayden', 'Stewart', '2007-07-10', 'Appartement 381-7451 Et, Ave', 'egestas.rhoncus@hendreritidante.org', '0638384216', NULL, 14),
(75, 'Chaney', 'Peterson', '2007-08-27', '6575 Fermentum Ave', 'mauris.elit@lobortisauguescelerisque.ca', '0665043802', NULL, 16),
(76, 'Paul', 'Solis', '2006-07-02', 'CP 257, 700 Ante Rd.', 'Curabitur.ut.odio@Suspendissetristique.ca', '0643697237', NULL, 14),
(77, 'Oren', 'Robles', '2007-11-30', 'Appartement 105-557 Metus. Chemin', 'dapibus.gravida.Aliquam@aliquet.com', '0604681914', NULL, 15),
(78, 'Oscar', 'Salas', '2006-07-21', 'CP 789, 9926 Suspendisse Ave', 'tellus.id.nunc@necante.net', '0693761203', NULL, 15),
(79, 'Keefe', 'Mullins', '2007-02-08', 'CP 134, 7774 Donec Rd.', 'orci.Phasellus@Mauris.net', '0658956477', NULL, 13),
(80, 'Colby', 'Ward', '2007-12-24', '221-4590 Nunc, Ave', 'sed.est.Nunc@consectetuermaurisid.com', '0673005143', NULL, 14),
(81, 'Drew', 'Justice', '2006-03-29', '264-2985 Malesuada Av.', 'Duis.at@vitaeeratVivamus.com', '0668296601', NULL, 15),
(82, 'Basil', 'Banks', '2007-03-06', '936-4074 Nulla Avenue', 'vulputate.mauris.sagittis@egettincidunt.edu', '0626288255', NULL, 13),
(83, 'Oleg', 'Galloway', '2007-10-28', 'CP 950, 3353 Commodo Ave', 'non.luctus@nasceturridiculus.com', '0678002826', NULL, 15),
(84, 'Victor', 'Jacobson', '2007-01-25', 'CP 627, 9935 Faucibus Chemin', 'Fusce@ametfaucibus.com', '0611030769', NULL, 15),
(85, 'Brett', 'Burch', '2007-10-12', 'CP 308, 2507 Est. Avenue', 'tincidunt@id.com', '0660193214', NULL, 14),
(86, 'Dean', 'Rollins', '2006-12-09', '845-8103 Nisi Ave', 'sit.amet@suscipitest.org', '0658495447', NULL, 15),
(87, 'Emmanuel', 'Morton', '2006-12-15', 'Appartement 186-566 Libero. Ave', 'dolor@nibh.org', '0685739057', NULL, 14),
(88, 'Calvin', 'Salinas', '2007-07-06', 'Appartement 874-6314 Urna. Ave', 'netus.et.malesuada@ultriciesornareelit.ca', '0645471569', NULL, 14),
(89, 'Daniel', 'Jones', '2006-08-05', '1880 Vulputate, Avenue', 'augue.eu@non.ca', '0686096699', NULL, 14),
(90, 'Chancellor', 'Eaton', '2007-09-14', '797 Eu Rd.', 'adipiscing.elit.Etiam@placeratCras.co.uk', '0657524770', NULL, 16),
(91, 'Kelly', 'Shelton', '2007-10-23', 'Appartement 153-3487 Cursus Ave', 'nec@Donec.org', '0626628272', NULL, 13),
(92, 'Ryan', 'Bass', '2007-10-20', '6786 Duis Rue', 'eu@lacusQuisquepurus.co.uk', '0672250673', NULL, 16),
(93, 'Garrison', 'Klein', '2007-01-10', 'CP 547, 646 Luctus Av.', 'est@acmetus.org', '0643408985', NULL, 15),
(94, 'Damian', 'Jones', '2007-11-26', '7156 Mi Rue', 'gravida.Praesent@eleifend.edu', '0682308591', NULL, 13),
(95, 'Jackson', 'Donovan', '2007-07-19', '129-201 Molestie Chemin', 'orci@neceleifendnon.net', '0625773997', NULL, 15),
(96, 'Aidan', 'Chapman', '2007-12-19', 'Appartement 569-7871 Mauris Impasse', 'lectus.Cum.sociis@etnetus.edu', '0646980694', NULL, 16),
(97, 'Steel', 'Wood', '2007-11-11', '2756 Id, Avenue', 'erat.volutpat.Nulla@risusquisdiam.org', '0649804197', NULL, 14),
(98, 'Jesse', 'Arnold', '2007-09-25', '180-9095 Eu Rd.', 'Vivamus@Etiambibendumfermentum.co.uk', '0639134086', NULL, 16),
(99, 'Aidan', 'Blake', '2007-01-01', 'CP 986, 5646 A Rd.', 'urna@Donecnibhenim.org', '0676998022', NULL, 15),
(100, 'Conan', 'Blackburn', '2006-03-12', '367-1564 Eu, Av.', 'in.molestie.tortor@inaliquet.edu', '0656992439', NULL, 15),
(101, 'Jacob', 'Franklin', '2007-06-23', '772-3302 Ac Route', 'metus.Aenean.sed@tinciduntnequevitae.com', '0656958515', 70, 10),
(102, 'Seth', 'Goff', '2007-04-07', '522-9873 Non, Rue', 'penatibus.et.magnis@posuerecubilia.ca', '0681408740', 44, 10),
(103, 'Aladdin', 'Garrison', '2006-06-21', 'CP 510, 8258 Id, Route', 'Donec.est@odio.ca', '0639761374', 68, 10),
(104, 'Keaton', 'Jarvis', '2007-12-04', 'Appartement 224-8727 Nunc Impasse', 'erat.neque@id.edu', '0622457580', 100, 11),
(105, 'Beau', 'Ramsey', '2007-01-29', '678-5717 Est Av.', 'Phasellus@mifelis.org', '0631921483', 97, 10),
(106, 'Jameson', 'Gillespie', '2006-09-04', '7205 Vitae Av.', 'velit.eget.laoreet@vitae.ca', '0683523616', 50, 10),
(107, 'Mark', 'Walters', '2006-09-27', 'Appartement 320-4690 Egestas Route', 'lobortis.mauris.Suspendisse@Praesenteu.net', '0640375256', 81, 12),
(108, 'Kevin', 'Bentley', '2006-07-21', '337-2964 Tellus. Ave', 'eu@Cum.com', '0632181044', 84, 10),
(109, 'Perry', 'Lindsay', '2006-12-12', 'Appartement 133-5587 Mauris Chemin', 'magna.Sed.eu@duisemperet.co.uk', '0643877547', 52, 12),
(110, 'Acton', 'Wade', '2006-05-08', 'CP 549, 9342 Penatibus Rue', 'molestie.tortor@neque.edu', '0684230425', 71, 12),
(111, 'Dieter', 'Knapp', '2006-02-26', 'Appartement 913-255 In Av.', 'posuere.cubilia.Curae@antedictum.ca', '0619956280', 84, 9),
(112, 'Malcolm', 'Sears', '2007-09-22', 'CP 736, 9447 Aliquam Avenue', 'In.condimentum@Sednulla.edu', '0682469905', 46, 10),
(113, 'Rigel', 'Palmer', '2006-08-30', 'CP 818, 368 Leo Chemin', 'non@loremvitae.co.uk', '0637562243', 34, 11),
(114, 'Otto', 'Hansen', '2007-06-18', '117-6519 Ullamcorper. Ave', 'id@ante.edu', '0629638980', 100, 9),
(115, 'Philip', 'Dillon', '2006-07-26', '3926 Et, Ave', 'volutpat.Nulla@volutpatornare.net', '0688668532', 71, 10),
(116, 'Cruz', 'Cohen', '2007-02-09', '531-4289 Convallis Impasse', 'egestas.Aliquam.fringilla@sitametdapibus.ca', '0618183354', 85, 9),
(117, 'Lev', 'Chan', '2007-04-21', '1306 Malesuada Chemin', 'convallis@conubia.edu', '0676383684', 44, 12),
(118, 'Jonas', 'Giles', '2006-06-12', '489-5929 Auctor Chemin', 'quis@atrisus.net', '0691869070', 63, 12),
(119, 'Lyle', 'Head', '2007-08-17', '2977 Imperdiet Route', 'scelerisque@est.com', '0670512675', 37, 12),
(120, 'Nissim', 'Erickson', '2007-04-17', '5106 Mauris Ave', 'egestas.a@Pellentesquehabitantmorbi.org', '0691331833', 87, 10),
(121, 'Donovan', 'Cabrera', '2007-03-16', 'CP 405, 4656 Pharetra, Av.', 'dolor.dolor.tempus@musProin.ca', '0652516530', 51, 11),
(122, 'Leo', 'Dyer', '2006-08-09', 'Appartement 779-863 Tellus. Impasse', 'imperdiet.erat@viverraDonec.co.uk', '0670708451', 37, 10),
(123, 'Zephania', 'Powell', '2006-06-06', 'CP 439, 9305 Ante. Rd.', 'interdum@Vestibulumaccumsan.ca', '0615357959', 48, 10),
(124, 'Hammett', 'Shannon', '2007-12-25', '8183 Elit Avenue', 'mauris.eu@quamquis.org', '0622293007', 62, 9),
(125, 'Kibo', 'Lamb', '2007-04-23', 'Appartement 176-7057 Dui Impasse', 'blandit.Nam.nulla@mollis.co.uk', '0618764942', 77, 11),
(126, 'Dieter', 'Rollins', '2006-07-02', 'CP 873, 9203 Vehicula Ave', 'Phasellus.elit@Maurisnon.com', '0673745531', 57, 9),
(127, 'Basil', 'Horton', '2007-02-21', 'CP 769, 2358 Sit Impasse', 'lacus.Cras.interdum@commodo.ca', '0673897895', 54, 10),
(128, 'Alvin', 'Munoz', '2007-06-29', 'CP 579, 2260 Integer Avenue', 'luctus.sit.amet@egetlaoreetposuere.edu', '0667489386', 59, 11),
(129, 'Cedric', 'Harding', '2006-03-25', 'CP 417, 8015 Mauris Av.', 'risus.varius@Maecenasornare.com', '0657137243', 32, 10),
(130, 'Blaze', 'Weeks', '2006-10-27', 'CP 659, 5620 Arcu Ave', 'enim@Sed.org', '0615511892', 94, 11),
(131, 'Jarrod', 'Underwood', '2007-03-20', '214-3829 Ipsum Route', 'Phasellus.ornare@odiosagittis.co.uk', '0610756814', 72, 9),
(132, 'Dante', 'Woods', '2007-04-03', '4609 Gravida Rue', 'eu.odio.tristique@lorem.co.uk', '0691046437', 49, 9),
(133, 'Herman', 'Dillon', '2006-05-23', 'CP 259, 8977 Scelerisque, Avenue', 'non.sollicitudin@enimgravidasit.co.uk', '0600879058', 33, 12),
(134, 'Lane', 'Delacruz', '2007-06-20', '707-2759 Feugiat Av.', 'Duis.cursus.diam@placerateget.com', '0607542035', 67, 9),
(135, 'Holmes', 'Glover', '2006-06-02', 'Appartement 225-5940 Cras Rue', 'id@enimSuspendissealiquet.net', '0697964975', 60, 12),
(136, 'Merrill', 'Rojas', '2007-06-14', 'CP 682, 8455 Semper Route', 'auctor@litora.net', '0652887464', 83, 10),
(137, 'Rudyard', 'Rojas', '2006-08-26', '1481 Ut Ave', 'non.luctus@nonummy.ca', '0665751487', 89, 11),
(138, 'Chase', 'Villarreal', '2007-04-21', '3736 Vitae Rue', 'Suspendisse.sagittis.Nullam@lacusvestibulum.org', '0691630413', 32, 11),
(139, 'Ishmael', 'Vasquez', '2006-10-26', '8893 Ac, Rue', 'mollis.dui@eu.com', '0673880475', 66, 9),
(140, 'Yasir', 'Hernandez', '2007-07-10', 'CP 225, 223 Nec, Chemin', 'dolor.quam.elementum@Nunc.net', '0613224429', 74, 11),
(141, 'Kaseem', 'Medina', '2006-05-17', 'Appartement 386-5074 A Rue', 'Integer@Sed.com', '0619503218', 82, 12),
(142, 'Asher', 'Moon', '2007-04-15', '999-8332 Aenean Ave', 'Aliquam.nisl.Nulla@Lorem.ca', '0673043674', 58, 11),
(143, 'Jeremy', 'Raymond', '2006-06-20', 'CP 823, 5555 Interdum Rue', 'adipiscing.fringilla@mattis.ca', '0687975221', 71, 12),
(144, 'Calvin', 'Barrera', '2007-10-29', 'Appartement 798-361 Ridiculus Route', 'consectetuer@consectetuer.co.uk', '0670869781', 36, 9),
(145, 'Orlando', 'Carter', '2007-11-15', 'CP 369, 3647 Aenean Avenue', 'tempus.non.lacinia@pedeacurna.org', '0643498712', 63, 10),
(146, 'Edward', 'Acevedo', '2007-04-19', '917-2819 Arcu. Chemin', 'vitae.diam@ullamcorper.edu', '0679757668', 92, 9),
(147, 'Ronan', 'Holt', '2006-08-17', '1236 Non Route', 'lorem.auctor@ipsumSuspendissenon.net', '0610379153', 57, 9),
(148, 'Dexter', 'Bernard', '2006-03-09', 'Appartement 829-3144 Arcu. Route', 'tortor@eudui.ca', '0698220251', 99, 10),
(149, 'Hu', 'Valentine', '2006-05-28', '5141 Arcu Rue', 'adipiscing.lobortis@et.net', '0626470720', 72, 12),
(150, 'Oscar', 'Greene', '2007-04-15', '370-6672 Lacus. Route', 'vel.lectus.Cum@orciUtsemper.co.uk', '0615882138', 55, 10),
(151, 'Jackson', 'Fowler', '2007-11-06', '6586 Ac Avenue', 'Proin.vel@vehicula.org', '0672893505', 62, 9),
(152, 'Steel', 'Manning', '2007-01-25', 'CP 775, 510 Etiam Impasse', 'orci@ametnullaDonec.com', '0672861888', 50, 12),
(153, 'Phillip', 'Hill', '2007-04-09', '758-1360 Vitae Route', 'mollis.nec@Namligulaelit.edu', '0645523331', 80, 11),
(154, 'Cain', 'Whitehead', '2007-03-13', 'CP 312, 5297 Pellentesque Av.', 'neque.pellentesque@DonecnibhQuisque.co.uk', '0681067575', 42, 12),
(155, 'Hamish', 'Wooten', '2006-11-10', 'CP 654, 6135 Nunc Rd.', 'ornare.lectus@pharetrafeliseget.org', '0681183448', 66, 12),
(156, 'Nissim', 'Mcdaniel', '2007-11-27', '9362 Aliquam Ave', 'augue.scelerisque@pellentesqueSeddictum.org', '0625158253', 81, 11),
(157, 'Garrett', 'Solis', '2006-02-11', 'Appartement 742-8247 Elit, Chemin', 'elementum.lorem@ami.org', '0667709865', 97, 9),
(158, 'Jason', 'Michael', '2007-10-29', '425-9258 Curabitur Rue', 'ut.mi@facilisisvitaeorci.ca', '0671393762', 84, 9),
(159, 'Caesar', 'Glass', '2007-04-23', 'CP 321, 8405 Vestibulum Ave', 'Cum.sociis.natoque@Naminterdumenim.org', '0642265358', 73, 10),
(160, 'Nissim', 'Short', '2006-11-19', 'CP 175, 3065 Ac Route', 'Nunc@est.co.uk', '0663926668', 32, 9),
(161, 'Zahir', 'Maxwell', '2006-07-12', '4601 Fusce Chemin', 'habitant.morbi.tristique@fermentumarcu.co.uk', '0641683584', 130, 5),
(162, 'Elvis', 'Dorsey', '2005-07-15', 'Appartement 361-1518 Non Ave', 'feugiat@nonloremvitae.ca', '0602307230', 156, 5),
(163, 'Byron', 'Delacruz', '2004-12-11', 'Appartement 537-621 Mi. Avenue', 'erat@massaSuspendisse.org', '0686040735', 143, 6),
(164, 'Ivan', 'Collier', '2006-08-22', '4011 Magna Rd.', 'Cras@erat.com', '0612797282', 107, 7),
(165, 'Adam', 'Owens', '2005-08-08', '962-1835 Ipsum Rd.', 'pharetra@leoelementumsem.com', '0605231501', 114, 7),
(166, 'Simon', 'Parks', '2005-05-25', 'CP 686, 1396 Blandit Ave', 'mauris@gravidaAliquamtincidunt.net', '0642284437', 160, 6),
(167, 'Valentine', 'Haynes', '2005-04-29', '173-7381 Egestas Rue', 'fermentum@libero.net', '0649387616', 157, 6),
(168, 'Victor', 'Moss', '2005-03-19', 'CP 383, 6598 Vestibulum Ave', 'Pellentesque.habitant@accumsan.ca', '0687607860', 155, 7),
(169, 'Colorado', 'Mcintosh', '2006-02-03', '9772 Arcu. Route', 'non@ultricesposuere.edu', '0614107492', 143, 5),
(170, 'Uriel', 'Leonard', '2006-03-27', 'Appartement 689-5373 Etiam Avenue', 'erat@morbitristiquesenectus.org', '0665078178', 155, 6),
(171, 'Nehru', 'Henry', '2005-01-31', '521-1565 Odio Rue', 'sed.sapien@non.net', '0642629012', 142, 7),
(172, 'Wylie', 'Boone', '2006-10-05', 'Appartement 497-9482 Turpis Rd.', 'luctus@aaliquetvel.org', '0681438470', 155, 8),
(173, 'Amos', 'Lott', '2005-09-12', 'Appartement 474-1469 Convallis, Rue', 'facilisis@netuset.com', '0690161805', 113, 8),
(174, 'Xander', 'Stevens', '2006-01-19', 'CP 873, 2905 Ac Rue', 'Ut@quisdiamluctus.ca', '0619396619', 118, 6),
(175, 'Matthew', 'Mercer', '2006-01-19', '399-7445 Diam. Rd.', 'aliquet.vel.vulputate@velconvallisin.edu', '0629055341', 159, 6),
(176, 'Cole', 'Oconnor', '2005-04-28', '619-4702 Amet Route', 'amet.massa.Quisque@DonecfringillaDonec.com', '0697255322', 106, 8),
(177, 'Yardley', 'Haynes', '2006-06-14', 'Appartement 787-7908 Pede, Rue', 'rutrum.non@suscipit.com', '0608115998', 113, 5),
(178, 'Yuli', 'Avery', '2006-02-28', '5908 Nisi. Chemin', 'a.dui.Cras@vitaesodalesnisi.edu', '0639034678', 106, 8),
(179, 'Edward', 'Larsen', '2006-03-09', '723-8923 A Rue', 'porta@penatibus.co.uk', '0699185736', 144, 7),
(180, 'Forrest', 'Zamora', '2006-08-17', '544-4924 Vulputate Route', 'ante.iaculis.nec@DonecnibhQuisque.co.uk', '0694523510', 112, 5),
(181, 'William', 'Bright', '2005-12-29', '4133 Proin Avenue', 'a.dui@elitsedconsequat.ca', '0686906425', 159, 6),
(182, 'Hop', 'Sims', '2005-06-12', '116-5475 Metus. Route', 'magna.Lorem.ipsum@a.com', '0646302121', 157, 6),
(183, 'Murphy', 'Kirkland', '2006-02-26', 'Appartement 482-6439 Vulputate Ave', 'Quisque.libero@dis.com', '0628533492', 159, 8),
(184, 'Colton', 'Fletcher', '2006-08-12', '471-1330 Nisi Av.', 'ultrices.posuere.cubilia@sedfacilisis.ca', '0654557117', 153, 8),
(185, 'Drake', 'Bryant', '2006-03-09', '2636 Pharetra, Av.', 'Nunc.mauris@Curabiturut.net', '0659596956', 154, 5),
(186, 'Darius', 'Bullock', '2005-03-08', '201-280 Pharetra Rue', 'gravida@interdumenimnon.ca', '0648511443', 120, 6),
(187, 'Chase', 'Barr', '2006-06-11', '4759 Vel, Ave', 'ullamcorper.magna.Sed@neceuismodin.org', '0688759152', 130, 5),
(188, 'Brady', 'Hooper', '2005-02-04', '6866 Egestas Ave', 'facilisis.vitae.orci@lectusNullam.edu', '0643091473', 106, 8),
(189, 'Kato', 'Bullock', '2006-08-02', 'CP 859, 8354 Orci, Rue', 'malesuada@sit.ca', '0690800284', 112, 5),
(190, 'Christopher', 'Navarro', '2006-05-02', '1998 Morbi Impasse', 'Ut@cursusa.edu', '0644998794', 141, 6),
(191, 'Ivor', 'Brewer', '2005-06-22', '931-9457 Enim. Av.', 'velit@ullamcorperDuisat.com', '0649269343', 124, 7),
(192, 'Gareth', 'Sanchez', '2006-10-21', '2395 Elit. Avenue', 'amet@Suspendisse.org', '0621018274', 159, 5),
(193, 'Keegan', 'Garner', '2006-06-10', 'Appartement 964-7240 Elit Chemin', 'Mauris.vel.turpis@iaculisquispede.co.uk', '0656669501', 154, 7),
(194, 'Tyrone', 'Barber', '2006-04-09', 'CP 519, 7636 Tempus Rd.', 'dui@velarcu.ca', '0684504821', 129, 8),
(195, 'Gannon', 'George', '2006-01-25', 'CP 658, 3310 Consectetuer Av.', 'Aliquam.ultrices.iaculis@molestie.co.uk', '0613583578', 153, 5),
(196, 'Cain', 'Cobb', '2005-05-01', '8643 Diam Avenue', 'in@ligula.com', '0688518163', 136, 5),
(197, 'Dolan', 'Mccarty', '2006-06-25', 'CP 122, 6309 Ut Ave', 'quis.pede.Suspendisse@arcuSedet.ca', '0674358953', 150, 6),
(198, 'Benedict', 'Downs', '2006-05-07', 'Appartement 181-6362 Augue, Chemin', 'semper.cursus.Integer@tincidunttempusrisus.net', '0666227467', 128, 7),
(199, 'Stone', 'Nicholson', '2005-03-05', '4012 Interdum. Impasse', 'Duis.sit.amet@mollis.edu', '0698052382', 109, 6),
(200, 'Ralph', 'Pierce', '2005-11-29', '5229 Ornare Ave', 'scelerisque.neque@urnaVivamusmolestie.com', '0625569364', 143, 8),
(201, 'Oscar', 'Kane', '2005-09-22', '2961 Dapibus Av.', 'Praesent.eu@egetdictumplacerat.org', '0686661861', 120, 8),
(202, 'Macon', 'Armstrong', '2005-08-02', 'CP 221, 2135 Amet Chemin', 'nec@esttemporbibendum.com', '0613168840', 122, 6),
(203, 'Dean', 'Brewer', '2006-02-22', '379-8104 Cras Ave', 'luctus.et@acnulla.net', '0608769457', 105, 7),
(204, 'Harrison', 'Kent', '2006-05-14', '7929 Mauris Chemin', 'auctor@maurisut.ca', '0662104020', 113, 8),
(205, 'Marvin', 'Serrano', '2006-03-27', 'CP 123, 3395 Mauris Chemin', 'Donec.tempus@Proinvelnisl.ca', '0622607570', 136, 6),
(206, 'Elmo', 'Soto', '2006-02-06', '858-899 Nunc Ave', 'mattis.velit@justo.edu', '0609973721', 157, 6),
(207, 'Philip', 'Mays', '2006-07-01', 'CP 909, 2772 In Impasse', 'arcu@facilisisvitaeorci.co.uk', '0684479263', 102, 7),
(208, 'Marvin', 'Sykes', '2005-03-21', 'CP 590, 8673 Scelerisque Rd.', 'felis@ligula.ca', '0657792176', 124, 7),
(209, 'Kadeem', 'Cunningham', '2005-09-15', 'Appartement 264-6481 Ultricies Route', 'Nunc.commodo@consequat.com', '0660109684', 158, 8),
(210, 'Sawyer', 'Cooper', '2005-01-18', 'CP 843, 6480 Dis Av.', 'nibh.sit@auctorvitae.com', '0659393961', 140, 6),
(211, 'Barrett', 'Boyle', '2005-05-27', '4391 Donec Avenue', 'Pellentesque@pharetrasedhendrerit.edu', '0635972271', 109, 6),
(212, 'Charles', 'Anthony', '2005-10-15', '693-6385 In, Route', 'metus.facilisis@turpisvitaepurus.ca', '0698821013', 107, 6),
(213, 'Thor', 'Kelley', '2005-04-09', '157-2541 Nunc Av.', 'fringilla.mi.lacinia@veliteusem.co.uk', '0640561985', 105, 5),
(214, 'Peter', 'Irwin', '2005-07-13', 'CP 330, 2132 Eros. Impasse', 'sapien.gravida@sodalespurus.com', '0665046455', 140, 5),
(215, 'Murphy', 'Petty', '2006-06-09', '308-6823 Nulla. Rd.', 'posuere@nostra.net', '0640990428', 108, 8),
(216, 'Gareth', 'Mueller', '2005-04-16', 'Appartement 313-5231 Nascetur Ave', 'mauris.id@orciconsectetuer.org', '0620906095', 109, 8),
(217, 'Emmanuel', 'Flowers', '2005-09-09', '357-9490 Nec, Rue', 'consectetuer.adipiscing@dapibusgravida.ca', '0657934561', 137, 7),
(218, 'Todd', 'Grimes', '2006-04-13', '714 Libero Av.', 'arcu.iaculis.enim@vel.co.uk', '0680621097', 119, 7),
(219, 'Burke', 'Lee', '2006-06-03', '8139 Mus. Av.', 'ridiculus.mus.Proin@congue.com', '0659291133', 158, 8),
(220, 'Cruz', 'Bolton', '2006-07-07', '5396 Rutrum Chemin', 'mauris@justonecante.net', '0614964999', 139, 5),
(221, 'Raja', 'Hebert', '2005-08-11', 'Appartement 754-9873 Sit Av.', 'erat.eget@ametdiam.ca', '0682142515', 165, 1),
(222, 'Damian', 'Nguyen', '2005-02-25', '3219 Nascetur Ave', 'ac.metus.vitae@sollicitudinadipiscingligula.org', '0674408498', 165, 4),
(223, 'Robert', 'Rowe', '2004-10-16', 'CP 716, 4850 Elementum Av.', 'interdum@gravidasagittisDuis.co.uk', '0693850012', 181, 4),
(224, 'Reed', 'Suarez', '2005-12-05', 'Appartement 437-1746 Libero Ave', 'nonummy.ac@sodales.edu', '0671249897', 185, 2),
(225, 'Herrod', 'Talley', '2004-03-29', '5748 Eu Rue', 'diam.dictum.sapien@Donectempuslorem.ca', '0680871368', 163, 1),
(226, 'Anthony', 'Boone', '2005-05-09', 'CP 213, 1965 Non, Impasse', 'nibh@malesuada.com', '0670609054', 217, 4),
(227, 'Avram', 'Castaneda', '2005-10-07', '857-5626 Erat. Rue', 'metus.Aliquam@egestasAliquam.co.uk', '0693988046', 214, 1),
(228, 'Lucian', 'Beard', '2003-12-04', 'CP 432, 4519 Vulputate, Rd.', 'nec.enim@facilisisnonbibendum.co.uk', '0650300707', 187, 1),
(229, 'Luke', 'Torres', '2004-06-13', 'Appartement 881-9173 Vel Avenue', 'cubilia.Curae.Donec@Aliquamrutrumlorem.co.uk', '0697325732', 201, 1),
(230, 'Neville', 'Mclaughlin', '2004-08-25', '3660 Lorem Chemin', 'Aenean.sed.pede@ametconsectetuer.co.uk', '0623940378', 217, 3),
(231, 'Abbot', 'Glenn', '2004-12-09', 'Appartement 736-9613 Duis Ave', 'ut@utodio.net', '0648721108', 169, 4),
(232, 'Calvin', 'Rutledge', '2004-08-16', '1936 Parturient Ave', 'sem.egestas.blandit@Quisquefringilla.com', '0629088615', 204, 3),
(233, 'Drake', 'Salinas', '2005-07-03', '1282 Nunc Route', 'ligula.tortor@parturientmontesnascetur.org', '0682241704', 191, 1),
(234, 'Isaac', 'Gonzalez', '2004-11-06', 'Appartement 430-4469 Aliquet Av.', 'non.lorem@Nullafacilisi.co.uk', '0646671178', 184, 3),
(235, 'Roth', 'Gonzales', '2004-12-11', 'CP 867, 5796 Nullam Rd.', 'non.sapien.molestie@turpisIncondimentum.ca', '0651473488', 188, 4),
(236, 'Zane', 'Carr', '2003-12-21', '912-5744 Penatibus Route', 'elit.Aliquam@Integervitaenibh.edu', '0676895551', 196, 4),
(237, 'Allistair', 'Obrien', '2004-08-09', 'CP 663, 8908 Laoreet Avenue', 'ligula.Aenean.gravida@eunibh.ca', '0683892214', 167, 3),
(238, 'Clarke', 'Mcconnell', '2005-08-24', 'Appartement 640-2330 Eu, Rue', 'est@egestasAliquamnec.org', '0605634977', 196, 1),
(239, 'Arsenio', 'Solomon', '2004-12-19', '791-2837 Facilisis Route', 'nisi@Suspendisse.com', '0658397274', 186, 4),
(240, 'Barclay', 'Stokes', '2005-12-08', '240-9886 A, Ave', 'Nunc@loremlorem.org', '0611996742', 171, 4),
(241, 'Phelan', 'Henderson', '2004-11-11', 'CP 493, 2956 Diam Avenue', 'tellus@Nulla.com', '0611593002', 214, 1),
(242, 'Flynn', 'Cooley', '2003-12-18', '450-9269 Nisi. Av.', 'nec@erat.edu', '0691789591', 190, 3),
(243, 'Francis', 'Jenkins', '2005-10-05', '959-1388 Rutrum Rue', 'tristique.senectus@magnaDuis.net', '0645149706', 182, 3),
(244, 'Dylan', 'Mcleod', '2004-08-06', 'CP 498, 6160 Ipsum Route', 'varius.ultrices@rhoncusDonec.edu', '0656975121', 162, 1),
(245, 'Wayne', 'Stout', '2004-01-16', '252-8837 Lacus. Avenue', 'risus@tinciduntaliquam.net', '0682279010', 218, 1),
(246, 'Robert', 'Sykes', '2004-08-13', 'Appartement 160-4401 Vestibulum Rue', 'consectetuer.adipiscing@molestietellus.org', '0673652984', 217, 1),
(247, 'Jacob', 'Morton', '2005-11-29', '397-7788 Nonummy Impasse', 'consectetuer.adipiscing@idante.com', '0618110697', 212, 1),
(248, 'Isaac', 'Henderson', '2005-01-13', '6021 Ligula. Chemin', 'justo.nec.ante@Vivamus.co.uk', '0635649414', 186, 4),
(249, 'Kevin', 'Noble', '2004-02-05', '3082 Tristique Avenue', 'mollis.dui.in@egestasa.co.uk', '0604523005', 197, 1),
(250, 'Allistair', 'Greer', '2005-01-14', 'Appartement 781-5817 Blandit. Rue', 'vulputate.nisi.sem@lectusjustoeu.ca', '0676631502', 172, 1),
(251, 'Wyatt', 'Ross', '2005-03-26', 'Appartement 160-7339 Risus. Rd.', 'mi@magna.net', '0616859667', 185, 3),
(252, 'Steel', 'Stark', '2005-09-21', 'Appartement 564-2592 Faucibus. Rd.', 'augue.porttitor.interdum@Ut.co.uk', '0659808047', 208, 4),
(253, 'Keith', 'Pope', '2005-06-30', '327 Erat, Rd.', 'mauris.ipsum.porta@velarcu.net', '0618688180', 200, 3),
(254, 'Carl', 'Davidson', '2004-10-24', '8092 Ut Impasse', 'per@diam.co.uk', '0641798594', 180, 4),
(255, 'Dustin', 'Estrada', '2004-03-05', 'Appartement 302-9101 Etiam Impasse', 'elit.erat@eu.org', '0619086888', 198, 3),
(256, 'Theodore', 'Russo', '2005-03-20', '918-2015 Nunc Av.', 'malesuada.ut@imperdietnon.com', '0617163386', 186, 1),
(257, 'Hunter', 'Johnson', '2005-11-26', 'Appartement 942-2391 Lorem, Rd.', 'magna.Ut.tincidunt@sitamet.ca', '0666435085', 195, 1),
(258, 'Ray', 'Hooper', '2004-08-13', '757-3757 Eget Rd.', 'dolor.Nulla.semper@a.com', '0651062323', 166, 2),
(259, 'Ethan', 'Huffman', '2004-05-12', 'Appartement 752-2668 Elit, Route', 'ultrices.Duis@blandit.co.uk', '0653947902', 164, 3),
(260, 'Colton', 'Lucas', '2004-11-25', '885-974 Aliquam Rue', 'Aliquam@Etiam.edu', '0631525367', 191, 4),
(261, 'Wing', 'Boyle', '2004-09-14', '183-5013 Facilisi. Avenue', 'mollis@molestiepharetra.ca', '0671420264', 177, 4),
(262, 'Mannix', 'Hays', '2005-06-24', 'Appartement 151-6455 Faucibus Impasse', 'netus.et.malesuada@Sed.com', '0698381932', 174, 3),
(263, 'Devin', 'Stephenson', '2004-08-14', 'CP 391, 9281 Adipiscing Av.', 'libero.Donec@euturpisNulla.co.uk', '0661784874', 163, 3),
(264, 'Timothy', 'Booker', '2004-08-18', '6818 Scelerisque Av.', 'nulla.Donec@dictumProineget.co.uk', '0682312224', 191, 1),
(265, 'Oren', 'Wilson', '2004-09-22', '1851 Venenatis Rd.', 'Nullam.feugiat@turpis.com', '0621809314', 164, 3),
(266, 'Ray', 'Duncan', '2005-02-06', '2683 Lobortis Impasse', 'ut@Suspendisse.org', '0689627277', 181, 2),
(267, 'Tucker', 'Mccullough', '2004-08-21', 'Appartement 257-7207 Arcu. Route', 'aliquam@risusMorbi.co.uk', '0622734605', 181, 1),
(268, 'Holmes', 'Ball', '2005-06-09', '2064 Orci, Ave', 'augue.id@magnaNam.ca', '0658705791', 201, 2),
(269, 'Lewis', 'Harrison', '2005-01-14', '184-1613 Condimentum. Ave', 'a.ultricies.adipiscing@ipsumprimisin.co.uk', '0649357911', 174, 1),
(270, 'Hyatt', 'George', '2004-05-17', '8372 Lobortis Route', 'adipiscing@mauris.ca', '0697579075', 168, 2),
(271, 'Cullen', 'Summers', '2005-08-03', '5413 Sagittis Ave', 'eu.arcu.Morbi@musAenean.com', '0667069797', 171, 4),
(272, 'Hedley', 'Zimmerman', '2005-02-19', 'CP 468, 1986 Donec Av.', 'consequat.nec@dolor.edu', '0632777264', 199, 3),
(273, 'Phillip', 'Stanton', '2005-03-31', 'CP 841, 5493 Sed Ave', 'id.sapien.Cras@lacusvestibulumlorem.edu', '0650533592', 204, 3),
(274, 'Aladdin', 'Robles', '2005-05-07', '433-4527 Laoreet Rue', 'Suspendisse@duiSuspendisseac.net', '0611009685', 193, 3),
(275, 'Ivan', 'Rocha', '2004-08-22', 'Appartement 461-160 Posuere Route', 'ipsum.primis.in@fringillapurus.co.uk', '0692730058', 191, 3),
(276, 'Peter', 'Gutierrez', '2005-12-04', '1584 Proin Rue', 'at.pede@Suspendisseseddolor.ca', '0650005045', 214, 4),
(277, 'Lane', 'Dickson', '2004-10-22', 'Appartement 254-7433 Blandit Rd.', 'eu.nibh@faucibus.com', '0667480220', 218, 1),
(278, 'Timon', 'Whitehead', '2004-11-10', '616-5156 Penatibus Impasse', 'fringilla.est.Mauris@Nunc.ca', '0695452304', 184, 3),
(279, 'Tad', 'Stone', '2003-12-27', 'CP 299, 7976 Purus, Av.', 'Suspendisse.tristique@etcommodo.net', '0695392728', 166, 4),
(280, 'Brent', 'Grimes', '2004-07-04', 'Appartement 539-3434 Eu Rd.', 'et@tempor.org', '0675580599', 180, 4);

-- --------------------------------------------------------

--
-- Table structure for table `evaluations`
--

CREATE TABLE `evaluations` (
  `id` int(11) NOT NULL,
  `nom` varchar(50) NOT NULL,
  `id_Cours` int(11) NOT NULL
) ENGINE=InnoDB DEFAULT CHARSET=utf8;

--
-- Dumping data for table `evaluations`
--

INSERT INTO `evaluations` (`id`, `nom`, `id_Cours`) VALUES
(1, 'A Ultricies Limited', 98),
(2, 'Dapibus Gravida Industries', 89),
(3, 'Nulla Interdum Foundation', 47),
(4, 'Luctus Aliquet Odio LLC', 76),
(5, 'Nisi Nibh Company', 79),
(6, 'Sit Amet Dapibus PC', 73),
(7, 'Aptent Taciti Sociosqu Foundation', 43),
(8, 'Lectus Institute', 16),
(9, 'Et Arcu LLP', 27),
(10, 'Sit Amet Foundation', 51),
(11, 'Curabitur Corp.', 19),
(12, 'Maecenas Incorporated', 84),
(13, 'A Institute', 53),
(14, 'A Odio Semper Corp.', 50),
(15, 'Cursus Purus Limited', 11),
(16, 'Neque Nullam Associates', 56),
(17, 'Pellentesque Habitant Associates', 90),
(18, 'Vel Pede LLC', 18),
(19, 'Sed Limited', 58),
(20, 'Nunc Mauris Sapien Company', 23),
(21, 'Cubilia Corp.', 30),
(22, 'Vehicula Risus Incorporated', 33),
(23, 'Gravida LLC', 15),
(24, 'Molestie In Tempus Limited', 13),
(25, 'Erat Corp.', 3),
(26, 'Egestas Aliquam Institute', 84),
(27, 'Donec Tempus Inc.', 15),
(28, 'Proin Industries', 72),
(29, 'Lacus Pede Associates', 7),
(30, 'Dui Consulting', 1),
(31, 'Torquent PC', 58),
(32, 'Vitae Semper Egestas Inc.', 82),
(33, 'Arcu Nunc Associates', 7),
(34, 'Ac Ipsum Phasellus Corp.', 69),
(35, 'Malesuada Fringilla Est Incorporated', 23),
(36, 'Dolor Nonummy Ac Institute', 40),
(37, 'Ut Associates', 57),
(38, 'Tellus Id Corp.', 95),
(39, 'Enim PC', 29),
(40, 'Velit Dui Semper LLP', 87),
(41, 'Nec Tellus Inc.', 12),
(42, 'Sodales Ltd', 16),
(43, 'Nisi Cum Corp.', 27),
(44, 'Lobortis Company', 40),
(45, 'Risus Inc.', 40),
(46, 'Nulla Company', 83),
(47, 'Lorem Tristique Aliquet Institute', 61),
(48, 'Bibendum Consulting', 89),
(49, 'Dui Industries', 44),
(50, 'Tincidunt Congue Institute', 91),
(51, 'Magna Malesuada Vel Foundation', 22),
(52, 'Cursus Nunc Associates', 57),
(53, 'Placerat Orci Foundation', 19),
(54, 'Amet LLC', 16),
(55, 'Risus Varius Orci Ltd', 12),
(56, 'Sem Limited', 45),
(57, 'Risus Donec Foundation', 27),
(58, 'Purus Duis Corporation', 45),
(59, 'Vestibulum Accumsan Inc.', 93),
(60, 'Sapien LLP', 51),
(61, 'Aptent Taciti LLC', 7),
(62, 'Pede Malesuada Vel LLC', 33),
(63, 'Libero Integer In LLP', 71),
(64, 'Eu Lacus Quisque LLC', 11),
(65, 'Ullamcorper Magna Corp.', 34),
(66, 'Odio Corp.', 33),
(67, 'Sapien Corp.', 36),
(68, 'Luctus Ipsum Ltd', 20),
(69, 'Eget Ipsum Donec Corporation', 89),
(70, 'Nec Malesuada Foundation', 34),
(71, 'Nunc Sed Libero Ltd', 76),
(72, 'Enim Nisl Elementum LLC', 64),
(73, 'Massa Vestibulum Corp.', 95),
(74, 'Sed Consulting', 79),
(75, 'Neque Et Nunc Company', 90),
(76, 'Quam Elementum Industries', 67),
(77, 'Pede LLC', 85),
(78, 'Sed Libero Proin Incorporated', 61),
(79, 'Tincidunt Tempus Ltd', 1),
(80, 'Est Ac LLP', 74),
(81, 'Est Arcu PC', 16),
(82, 'Rutrum Urna Corporation', 68),
(83, 'Ac Turpis Corp.', 36),
(84, 'In Cursus Et Inc.', 51),
(85, 'Dis PC', 84),
(86, 'Imperdiet Erat Nonummy Consulting', 100),
(87, 'Pede Suspendisse Institute', 44),
(88, 'Orci In Consequat LLC', 83),
(89, 'Et Ultrices Incorporated', 67),
(90, 'Donec Non Justo Industries', 37),
(91, 'Ipsum Donec Foundation', 87),
(92, 'Curabitur Institute', 47),
(93, 'Vulputate Risus Associates', 13),
(94, 'Vitae Erat Vivamus Limited', 62),
(95, 'Montes Industries', 57),
(96, 'Porttitor Vulputate Posuere LLP', 92),
(97, 'Volutpat Ornare Facilisis Incorporated', 73),
(98, 'Non Enim Commodo Company', 36),
(99, 'Luctus Et Ultrices Corp.', 69),
(100, 'Viverra Donec Tempus Limited', 72);

-- --------------------------------------------------------

--
-- Table structure for table `matieres`
--

CREATE TABLE `matieres` (
  `id` int(11) NOT NULL,
  `nom` varchar(255) NOT NULL
) ENGINE=InnoDB DEFAULT CHARSET=utf8;

--
-- Dumping data for table `matieres`
--

INSERT INTO `matieres` (`id`, `nom`) VALUES
(1, 'Mathématique'),
(2, 'Anglais'),
(3, 'Français'),
(4, 'Sport'),
(5, 'Allemand'),
(6, 'Espagnol'),
(7, 'Chimie'),
(8, 'Science'),
(9, 'Methodologie');

-- --------------------------------------------------------

--
-- Table structure for table `professeurs`
--

CREATE TABLE `professeurs` (
  `id` int(11) NOT NULL,
  `nom` varchar(50) NOT NULL,
  `prenom` varchar(50) NOT NULL,
  `date_naissance` date NOT NULL,
  `adresse` varchar(255) NOT NULL,
  `email` varchar(50) NOT NULL,
  `telephone` varchar(10) NOT NULL,
  `date_entre` date NOT NULL
) ENGINE=InnoDB DEFAULT CHARSET=utf8;

--
-- Dumping data for table `professeurs`
--

INSERT INTO `professeurs` (`id`, `nom`, `prenom`, `date_naissance`, `adresse`, `email`, `telephone`, `date_entre`) VALUES
(1, 'Dupont', 'Valentin', '1993-11-11', '8 place de l\'église\r\n53100 Mayenne', 'dupontvalentin@school.fr', '0542789653', '2020-11-12'),
(2, 'Lacour', 'Marc', '1995-11-11', '15 place de l\'église\r\n53000 Laval', 'lacourmarc@school.fr', '0542752653', '2020-11-25'),
(3, 'Phocion', 'Bertrand', '1952-02-02', '4 place des jets d\'eau\r\n85600 La roche sur yon', 'phocionbertrand@school.fr', '0698754216', '2010-05-04'),
(4, 'Rousseau', 'Jeanne', '1990-10-05', '7 rue de l\'armistice\r\n53160 Jublains', 'rousseaujeanne@school.fr', '0653421786', '2017-04-06'),
(5, 'Barreau', 'Maxime', '1952-09-18', '4 rue Sevigne\r\n53000 Laval', 'barreaumaxime@school.fr', '0698542162', '2009-09-23'),
(6, 'Dermont', 'Patrice', '1989-06-18', '45 avenue guibert\r\n53480 La chapelle', 'dermontpatrice@school.fr', '0657849612', '2016-04-20'),
(7, 'Daquan', 'Marks', '1970-06-11', 'CP 379, 8394 Erat Impasse', 'Nulla.eget.metus@posuere.org', '0690294127', '2017-06-19'),
(8, 'Eagan', 'Morales', '1977-09-03', 'Appartement 514-9680 Fusce Av.', 'mattis.Cras@consectetuermaurisid.com', '0687006079', '2014-01-29'),
(9, 'Ethan', 'Hines', '1969-11-22', 'Appartement 517-1848 Dignissim Rue', 'Duis.volutpat@in.ca', '0684524837', '2011-03-30'),
(10, 'Steel', 'Estes', '1964-10-31', '7663 Morbi Impasse', 'ullamcorper.eu@Lorem.ca', '0673033128', '2020-04-10'),
(11, 'Ryder', 'Munoz', '1965-11-30', '4089 Sit Ave', 'faucibus@mollisPhaselluslibero.com', '0652859664', '2014-02-10'),
(12, 'Theodore', 'Camacho', '1983-09-30', 'Appartement 608-8714 Vestibulum Chemin', 'in@consectetuer.co.uk', '0619068049', '2013-03-17'),
(13, 'Solomon', 'Blackwell', '1972-06-02', '769-393 Est Avenue', 'ipsum.ac.mi@Vivamusnibhdolor.edu', '0673084292', '2019-05-15'),
(14, 'Kareem', 'Cantrell', '1966-09-21', 'Appartement 891-318 Leo, Avenue', 'id.ante.Nunc@quisdiamPellentesque.co.uk', '0686134331', '2010-08-12'),
(15, 'Jerome', 'Hawkins', '1967-09-02', 'Appartement 542-8040 Neque. Ave', 'Sed.et@Aliquam.org', '0670912531', '2009-06-13'),
(16, 'Leroy', 'White', '1977-04-13', 'CP 372, 2553 Ultrices Ave', 'penatibus.et.magnis@Morbisitamet.ca', '0618075609', '2008-04-28'),
(17, 'Kasper', 'Dejesus', '1964-08-15', 'CP 579, 4306 Ut Chemin', 'dictum.placerat.augue@egetvarius.net', '0621200300', '2011-06-05'),
(18, 'Lionel', 'Kaufman', '1977-02-08', '594 Tellus. Chemin', 'ipsum@urnaVivamusmolestie.co.uk', '0666196752', '2012-12-13'),
(19, 'Lucius', 'Campos', '1976-07-30', '5260 Eget, Route', 'leo@eusemPellentesque.co.uk', '0652099841', '2016-09-01'),
(20, 'Solomon', 'Warner', '1990-08-10', '476 Cras Impasse', 'Nunc@acfermentumvel.edu', '0617332355', '2021-10-18'),
(21, 'Hilel', 'Snyder', '1968-05-22', 'Appartement 890-8622 Donec Avenue', 'Praesent.luctus@maurisMorbi.co.uk', '0606146213', '2017-06-12'),
(22, 'Dominic', 'Walsh', '1965-03-08', 'CP 292, 5308 Ante Ave', 'diam.nunc@sapien.co.uk', '0629869137', '2022-01-16'),
(23, 'Zachery', 'Weber', '1968-08-03', 'Appartement 391-5934 Luctus. Avenue', 'arcu@malesuada.org', '0662532455', '2014-12-18'),
(24, 'Nissim', 'Neal', '1979-01-08', 'Appartement 772-1848 Sem Ave', 'Cras.eget.nisi@massarutrum.co.uk', '0692356463', '2019-02-19'),
(25, 'Cameron', 'Stone', '1975-06-06', '9967 Justo Route', 'hendrerit.neque@velit.ca', '0666954341', '2018-07-24'),
(26, 'Ethan', 'Russo', '1989-11-09', 'CP 212, 8686 Odio. Impasse', 'pede.Praesent@semper.co.uk', '0688316033', '2013-05-21'),
(27, 'Adam', 'Garza', '1985-08-10', 'CP 149, 2414 Bibendum Ave', 'Integer@egetmagna.co.uk', '0669447482', '2020-07-26'),
(28, 'Wesley', 'Blackwell', '1977-05-26', 'CP 284, 7934 Quis Av.', 'est.congue@Inmi.co.uk', '0669128602', '2021-11-06'),
(29, 'Felix', 'Goodwin', '1968-04-03', 'CP 854, 2152 Enim, Av.', 'ut.nisi.a@nunc.org', '0627481495', '2009-08-21'),
(30, 'Kuame', 'Doyle', '1982-02-18', '2493 Ornare, Avenue', 'eget.varius.ultrices@nectellusNunc.ca', '0651052743', '2013-11-16'),
(31, 'Felix', 'Britt', '1973-03-03', 'Appartement 682-3589 Sit Route', 'Quisque.tincidunt.pede@Quisquetinciduntpede.com', '0671775743', '2013-09-06'),
(32, 'Branden', 'Albert', '1977-12-08', '588-9566 Ac Chemin', 'urna@dictumProineget.co.uk', '0662408852', '2017-03-21'),
(33, 'Nero', 'Chambers', '1966-06-27', 'CP 694, 5676 A Ave', 'Aliquam.fringilla@risus.co.uk', '0640095742', '2012-07-11'),
(34, 'Nissim', 'Dickerson', '1972-07-10', '271-4420 Ad Rd.', 'Cum.sociis.natoque@sodalesnisi.net', '0622205975', '2010-05-22'),
(35, 'Matthew', 'Wilkerson', '1966-09-20', '870-860 Risus Rue', 'enim.consequat@Quisque.com', '0642030798', '2015-06-09'),
(36, 'Phillip', 'Nieves', '1988-09-18', 'CP 110, 6804 Velit. Rue', 'sed@faucibus.ca', '0635805759', '2008-12-04');

-- --------------------------------------------------------

--
-- Table structure for table `professeurs_cours_classes`
--

CREATE TABLE `professeurs_cours_classes` (
  `id_Professeur` int(11) NOT NULL,
  `id_Cours` int(11) NOT NULL,
  `id_Classe` int(11) NOT NULL,
  `date_Cours` date NOT NULL
) ENGINE=InnoDB DEFAULT CHARSET=utf8;

--
-- Dumping data for table `professeurs_cours_classes`
--

INSERT INTO `professeurs_cours_classes` (`id_Professeur`, `id_Cours`, `id_Classe`, `date_Cours`) VALUES
(24, 43, 11, '2019-11-29'),
(10, 74, 14, '2020-06-09'),
(20, 45, 9, '2019-01-13'),
(34, 39, 8, '2019-06-25'),
(22, 16, 2, '2020-12-13'),
(9, 1, 12, '2019-05-28'),
(22, 81, 15, '2020-05-27'),
(1, 31, 1, '2021-04-05'),
(32, 34, 12, '2020-10-21'),
(17, 66, 14, '2021-05-30'),
(27, 94, 11, '2019-04-11'),
(10, 60, 4, '2021-07-14'),
(4, 63, 9, '2019-02-27'),
(27, 66, 10, '2020-04-30'),
(25, 58, 9, '2021-01-29'),
(35, 41, 15, '2021-05-18'),
(3, 42, 2, '2020-08-09'),
(17, 49, 6, '2019-02-09'),
(27, 71, 13, '2019-10-06'),
(18, 59, 7, '2020-04-06'),
(13, 69, 3, '2020-02-16'),
(5, 98, 16, '2021-04-20'),
(7, 10, 16, '2019-03-16'),
(32, 32, 13, '2020-11-17'),
(2, 53, 5, '2020-07-02'),
(15, 5, 8, '2020-10-18'),
(8, 62, 2, '2020-04-20'),
(25, 20, 16, '2020-03-11'),
(20, 28, 6, '2019-12-17'),
(27, 56, 16, '2020-09-27'),
(20, 36, 9, '2021-04-29'),
(11, 56, 5, '2019-06-04'),
(9, 60, 6, '2020-02-12'),
(10, 23, 13, '2019-02-11'),
(31, 98, 8, '2021-02-04'),
(19, 40, 8, '2019-12-25'),
(18, 70, 8, '2020-12-29'),
(20, 39, 2, '2020-12-11'),
(4, 4, 3, '2019-08-09'),
(3, 24, 14, '2020-02-16'),
(32, 36, 14, '2021-04-17'),
(34, 70, 8, '2021-03-01'),
(1, 69, 8, '2021-04-09'),
(10, 97, 10, '2019-07-25'),
(19, 1, 16, '2020-12-08'),
(8, 94, 11, '2020-05-19'),
(36, 76, 13, '2019-07-29'),
(25, 67, 13, '2020-02-19'),
(10, 55, 12, '2020-05-31'),
(30, 84, 8, '2020-02-29'),
(23, 71, 14, '2021-03-13'),
(22, 56, 7, '2020-04-08'),
(30, 33, 13, '2019-01-18'),
(19, 11, 11, '2021-05-13'),
(5, 78, 1, '2021-04-29'),
(9, 98, 15, '2019-10-02'),
(1, 19, 7, '2020-05-23'),
(27, 84, 11, '2019-01-16'),
(5, 84, 14, '2021-02-01'),
(35, 22, 5, '2020-01-29'),
(18, 95, 7, '2021-07-06'),
(11, 1, 1, '2021-06-13'),
(35, 81, 8, '2020-11-01'),
(1, 64, 6, '2020-10-15'),
(12, 93, 15, '2020-03-02'),
(22, 14, 1, '2021-07-17'),
(12, 98, 5, '2019-02-16'),
(18, 32, 15, '2020-09-11'),
(27, 34, 7, '2019-07-18'),
(27, 49, 10, '2021-06-21'),
(19, 70, 11, '2020-08-16'),
(3, 99, 10, '2021-02-27'),
(24, 67, 1, '2021-04-24'),
(24, 19, 9, '2020-09-08'),
(12, 3, 12, '2019-01-21'),
(4, 22, 5, '2020-11-25'),
(27, 78, 3, '2020-01-09'),
(22, 37, 9, '2019-07-02'),
(22, 89, 7, '2020-11-26'),
(14, 45, 12, '2019-10-22'),
(30, 71, 8, '2020-09-22'),
(9, 12, 16, '2021-06-05'),
(20, 36, 3, '2019-02-06'),
(28, 48, 6, '2020-11-13'),
(3, 54, 2, '2021-03-29'),
(2, 92, 13, '2020-06-01'),
(9, 15, 9, '2020-12-05'),
(20, 21, 7, '2020-04-08'),
(22, 86, 2, '2019-10-08'),
(30, 24, 5, '2021-01-10'),
(26, 25, 3, '2020-07-20'),
(1, 22, 15, '2021-06-06'),
(32, 100, 3, '2019-04-15'),
(34, 41, 7, '2020-08-10'),
(5, 11, 9, '2019-10-06'),
(12, 58, 1, '2021-05-13'),
(31, 69, 7, '2019-04-22'),
(23, 36, 10, '2021-04-08'),
(14, 89, 1, '2019-07-09'),
(11, 80, 4, '2020-02-13');

-- --------------------------------------------------------

--
-- Table structure for table `professeurs_eleves_evaluations`
--

CREATE TABLE `professeurs_eleves_evaluations` (
  `id_Professeur` int(11) NOT NULL,
  `id_Eleve` int(11) NOT NULL,
  `id_Evaluation` int(11) NOT NULL,
  `date_Evaluation` date NOT NULL,
  `note_Evaluation` int(11) NOT NULL
) ENGINE=InnoDB DEFAULT CHARSET=utf8;

--
-- Dumping data for table `professeurs_eleves_evaluations`
--

INSERT INTO `professeurs_eleves_evaluations` (`id_Professeur`, `id_Eleve`, `id_Evaluation`, `date_Evaluation`, `note_Evaluation`) VALUES
(32, 260, 66, '2019-11-12', 7),
(21, 183, 53, '2019-01-01', 1),
(6, 82, 84, '2021-01-16', 0),
(25, 111, 21, '2019-01-26', 1),
(27, 54, 81, '2019-09-30', 11),
(19, 44, 97, '2019-04-24', 9),
(36, 277, 44, '2019-03-11', 8),
(12, 196, 43, '2021-06-23', 1),
(3, 265, 39, '2019-11-17', 0),
(24, 181, 8, '2020-11-09', 10),
(4, 258, 81, '2019-01-20', 17),
(16, 232, 58, '2019-12-26', 18),
(5, 122, 39, '2019-05-01', 11),
(32, 228, 61, '2021-06-08', 18),
(15, 175, 21, '2019-10-02', 1),
(8, 185, 76, '2020-06-13', 2),
(15, 167, 13, '2020-05-13', 6),
(14, 169, 36, '2019-02-13', 5),
(2, 78, 68, '2019-11-30', 3),
(29, 147, 95, '2019-05-07', 11),
(10, 192, 10, '2019-07-14', 9),
(35, 72, 51, '2021-03-23', 4),
(36, 88, 71, '2019-05-27', 14),
(25, 85, 47, '2020-08-21', 6),
(36, 213, 36, '2019-05-11', 6),
(21, 230, 47, '2019-05-08', 4),
(14, 184, 34, '2020-12-11', 5),
(13, 183, 85, '2019-01-07', 2),
(8, 226, 77, '2020-01-09', 3),
(30, 273, 4, '2020-06-05', 4),
(29, 144, 30, '2020-04-25', 14),
(25, 222, 48, '2020-02-09', 14),
(5, 72, 22, '2019-12-26', 11),
(25, 157, 20, '2019-11-24', 1),
(5, 174, 35, '2019-11-28', 7),
(33, 221, 27, '2020-07-07', 2),
(11, 198, 67, '2019-01-18', 3),
(14, 201, 3, '2021-07-09', 1),
(28, 101, 52, '2019-07-09', 4),
(24, 170, 64, '2020-03-16', 15),
(5, 49, 58, '2021-03-20', 12),
(20, 227, 71, '2021-07-24', 3),
(16, 78, 90, '2019-04-24', 1),
(29, 172, 20, '2019-04-11', 6),
(31, 221, 63, '2020-11-09', 20),
(14, 184, 74, '2019-07-16', 19),
(13, 206, 55, '2019-01-17', 10),
(12, 268, 82, '2021-02-10', 2),
(11, 42, 6, '2021-01-29', 19),
(20, 102, 24, '2019-10-21', 9),
(27, 223, 80, '2019-06-16', 11),
(6, 98, 6, '2020-04-22', 2),
(2, 252, 31, '2020-02-12', 0),
(9, 176, 91, '2019-07-03', 1),
(10, 99, 16, '2021-01-20', 2),
(9, 112, 47, '2020-06-30', 0),
(12, 179, 18, '2019-05-25', 7),
(2, 262, 60, '2021-02-01', 15),
(27, 79, 99, '2021-02-27', 3),
(29, 133, 30, '2019-11-12', 9),
(21, 86, 60, '2019-03-20', 6),
(21, 208, 98, '2019-06-12', 5),
(9, 201, 86, '2021-01-25', 13),
(2, 241, 79, '2019-12-02', 13),
(8, 80, 43, '2020-06-04', 18),
(17, 241, 32, '2021-06-23', 8),
(12, 144, 82, '2019-08-08', 19),
(30, 57, 81, '2020-02-06', 16),
(32, 33, 87, '2019-05-19', 18),
(32, 190, 60, '2021-05-17', 18),
(29, 131, 1, '2019-03-22', 18),
(25, 246, 29, '2020-01-08', 10),
(23, 202, 97, '2020-10-28', 3),
(18, 90, 16, '2021-02-03', 17),
(2, 174, 50, '2019-11-20', 3),
(26, 153, 60, '2019-01-01', 3),
(10, 232, 17, '2020-07-05', 20),
(16, 170, 19, '2019-01-09', 8),
(25, 236, 1, '2019-09-05', 9),
(20, 173, 99, '2019-10-28', 16),
(28, 88, 61, '2020-04-01', 8),
(11, 249, 5, '2020-11-03', 5),
(34, 192, 89, '2021-06-17', 3),
(29, 159, 15, '2020-01-22', 16),
(16, 160, 78, '2021-07-20', 15),
(10, 192, 61, '2019-05-19', 11),
(21, 223, 23, '2020-08-01', 11),
(6, 193, 3, '2019-10-30', 20),
(9, 271, 39, '2020-03-30', 5),
(15, 106, 45, '2020-10-29', 14),
(31, 212, 44, '2020-04-28', 0),
(27, 105, 20, '2019-09-07', 4),
(27, 122, 88, '2019-07-17', 2),
(4, 233, 6, '2019-01-28', 6),
(13, 278, 85, '2021-06-29', 19),
(32, 234, 70, '2020-04-15', 14),
(33, 244, 96, '2021-02-26', 1),
(3, 71, 52, '2021-07-19', 5),
(7, 54, 74, '2020-07-20', 18),
(20, 41, 23, '2020-12-24', 1);

-- --------------------------------------------------------

--
-- Table structure for table `professeurs_matieres`
--

CREATE TABLE `professeurs_matieres` (
  `id_Professeur` int(11) NOT NULL,
  `id_Matiere` int(11) NOT NULL
) ENGINE=InnoDB DEFAULT CHARSET=utf8;

--
-- Dumping data for table `professeurs_matieres`
--

INSERT INTO `professeurs_matieres` (`id_Professeur`, `id_Matiere`) VALUES
(6, 5),
(19, 6),
(7, 7),
(18, 6),
(34, 3),
(12, 5),
(8, 7),
(13, 9),
(9, 5),
(3, 2),
(23, 3),
(9, 5),
(13, 5),
(10, 7),
(20, 1),
(27, 8),
(12, 9),
(16, 5),
(21, 3),
(32, 4),
(19, 9),
(13, 9),
(29, 2),
(24, 3),
(19, 3),
(13, 7),
(23, 1),
(32, 5),
(10, 5),
(6, 9),
(25, 5),
(16, 8),
(2, 3),
(24, 8),
(6, 4),
(25, 6),
(1, 8),
(9, 7),
(21, 2),
(3, 7),
(13, 1),
(21, 9),
(10, 5),
(9, 1),
(15, 1),
(25, 6),
(6, 6),
(23, 1),
(22, 1),
(17, 9),
(28, 8),
(23, 8),
(22, 7),
(32, 3),
(14, 3),
(29, 5),
(13, 9),
(7, 6),
(35, 7),
(26, 2),
(13, 4),
(26, 5),
(2, 8),
(23, 7),
(23, 6),
(24, 8),
(6, 3),
(12, 8),
(11, 7),
(13, 2),
(14, 9),
(7, 5),
(6, 6),
(26, 7),
(31, 7),
(24, 3),
(13, 2),
(29, 6),
(23, 1),
(29, 1),
(6, 1),
(18, 3),
(11, 6),
(7, 9),
(16, 8),
(22, 7),
(18, 1),
(18, 4),
(3, 8),
(11, 7),
(7, 8),
(22, 9),
(6, 7),
(11, 7),
(11, 1),
(30, 1),
(3, 2),
(21, 7),
(1, 7),
(18, 8);

--
-- Indexes for dumped tables
--

--
-- Indexes for table `classes`
--
ALTER TABLE `classes`
  ADD PRIMARY KEY (`id`),
  ADD KEY `id_Professeur` (`id_Professeur`);

--
-- Indexes for table `cours`
--
ALTER TABLE `cours`
  ADD PRIMARY KEY (`id`),
  ADD KEY `id_Matiere` (`id_Matiere`);

--
-- Indexes for table `eleves`
--
ALTER TABLE `eleves`
  ADD PRIMARY KEY (`id`),
  ADD KEY `id_Parrain` (`id_Parrain`),
  ADD KEY `id_Classe` (`id_Classe`);

--
-- Indexes for table `evaluations`
--
ALTER TABLE `evaluations`
  ADD PRIMARY KEY (`id`),
  ADD KEY `id_Cours` (`id_Cours`);

--
-- Indexes for table `matieres`
--
ALTER TABLE `matieres`
  ADD PRIMARY KEY (`id`);

--
-- Indexes for table `professeurs`
--
ALTER TABLE `professeurs`
  ADD PRIMARY KEY (`id`);

--
-- Indexes for table `professeurs_cours_classes`
--
ALTER TABLE `professeurs_cours_classes`
  ADD KEY `id_Classe` (`id_Classe`),
  ADD KEY `id_Cours` (`id_Cours`),
  ADD KEY `id_Professeur` (`id_Professeur`);

--
-- Indexes for table `professeurs_eleves_evaluations`
--
ALTER TABLE `professeurs_eleves_evaluations`
  ADD KEY `id_Eleve` (`id_Eleve`),
  ADD KEY `id_Evaluation` (`id_Evaluation`),
  ADD KEY `id_Professeur` (`id_Professeur`);

--
-- Indexes for table `professeurs_matieres`
--
ALTER TABLE `professeurs_matieres`
  ADD KEY `id_Matiere` (`id_Matiere`),
  ADD KEY `id_Professeur` (`id_Professeur`);

--
-- AUTO_INCREMENT for dumped tables
--

--
-- AUTO_INCREMENT for table `classes`
--
ALTER TABLE `classes`
  MODIFY `id` int(11) NOT NULL AUTO_INCREMENT, AUTO_INCREMENT=17;

--
-- AUTO_INCREMENT for table `cours`
--
ALTER TABLE `cours`
  MODIFY `id` int(11) NOT NULL AUTO_INCREMENT, AUTO_INCREMENT=101;

--
-- AUTO_INCREMENT for table `eleves`
--
ALTER TABLE `eleves`
  MODIFY `id` int(11) NOT NULL AUTO_INCREMENT, AUTO_INCREMENT=281;

--
-- AUTO_INCREMENT for table `evaluations`
--
ALTER TABLE `evaluations`
  MODIFY `id` int(11) NOT NULL AUTO_INCREMENT, AUTO_INCREMENT=101;

--
-- AUTO_INCREMENT for table `matieres`
--
ALTER TABLE `matieres`
  MODIFY `id` int(11) NOT NULL AUTO_INCREMENT, AUTO_INCREMENT=10;

--
-- AUTO_INCREMENT for table `professeurs`
--
ALTER TABLE `professeurs`
  MODIFY `id` int(11) NOT NULL AUTO_INCREMENT, AUTO_INCREMENT=37;

--
-- Constraints for dumped tables
--

--
-- Constraints for table `classes`
--
ALTER TABLE `classes`
  ADD CONSTRAINT `classes_ibfk_1` FOREIGN KEY (`id_Professeur`) REFERENCES `professeurs` (`id`);

--
-- Constraints for table `cours`
--
ALTER TABLE `cours`
  ADD CONSTRAINT `cours_ibfk_1` FOREIGN KEY (`id_Matiere`) REFERENCES `matieres` (`id`);

--
-- Constraints for table `eleves`
--
ALTER TABLE `eleves`
  ADD CONSTRAINT `eleves_ibfk_1` FOREIGN KEY (`id_Parrain`) REFERENCES `eleves` (`id`),
  ADD CONSTRAINT `eleves_ibfk_2` FOREIGN KEY (`id_Classe`) REFERENCES `classes` (`id`);

--
-- Constraints for table `evaluations`
--
ALTER TABLE `evaluations`
  ADD CONSTRAINT `evaluations_ibfk_1` FOREIGN KEY (`id_Cours`) REFERENCES `cours` (`id`);

--
-- Constraints for table `professeurs_cours_classes`
--
ALTER TABLE `professeurs_cours_classes`
  ADD CONSTRAINT `professeurs_cours_classes_ibfk_1` FOREIGN KEY (`id_Classe`) REFERENCES `classes` (`id`),
  ADD CONSTRAINT `professeurs_cours_classes_ibfk_2` FOREIGN KEY (`id_Cours`) REFERENCES `cours` (`id`),
  ADD CONSTRAINT `professeurs_cours_classes_ibfk_3` FOREIGN KEY (`id_Professeur`) REFERENCES `professeurs` (`id`);

--
-- Constraints for table `professeurs_eleves_evaluations`
--
ALTER TABLE `professeurs_eleves_evaluations`
  ADD CONSTRAINT `professeurs_eleves_evaluations_ibfk_1` FOREIGN KEY (`id_Eleve`) REFERENCES `eleves` (`id`),
  ADD CONSTRAINT `professeurs_eleves_evaluations_ibfk_2` FOREIGN KEY (`id_Evaluation`) REFERENCES `evaluations` (`id`),
  ADD CONSTRAINT `professeurs_eleves_evaluations_ibfk_3` FOREIGN KEY (`id_Professeur`) REFERENCES `professeurs` (`id`);

--
-- Constraints for table `professeurs_matieres`
--
ALTER TABLE `professeurs_matieres`
  ADD CONSTRAINT `professeurs_matieres_ibfk_1` FOREIGN KEY (`id_Matiere`) REFERENCES `matieres` (`id`),
  ADD CONSTRAINT `professeurs_matieres_ibfk_2` FOREIGN KEY (`id_Professeur`) REFERENCES `professeurs` (`id`);
COMMIT;

/*!40101 SET CHARACTER_SET_CLIENT=@OLD_CHARACTER_SET_CLIENT */;
/*!40101 SET CHARACTER_SET_RESULTS=@OLD_CHARACTER_SET_RESULTS */;
/*!40101 SET COLLATION_CONNECTION=@OLD_COLLATION_CONNECTION */;
